order_id,sales,profit
CA-2017-108196,5016.548999999999,-6892.3748
US-2018-168116,8167.419999999999,-3825.3394000000003
CA-2015-169019,2656.716,-3791.1634
CA-2018-134845,2613.309,-3424.3546
US-2018-122714,1889.99,-2929.4845
CA-2018-131254,1729.286,-2330.2698
CA-2016-147830,4190.206,-1980.3794
CA-2015-139892,10539.896,-1878.7892
CA-2016-116638,4297.644,-1862.3124
CA-2017-130946,1616.704,-1790.2708
CA-2015-145317,23661.228,-1789.7327
US-2016-150630,3329.4339999999997,-1647.9386000000002
CA-2015-165309,1639.496,-1340.5041
US-2018-120390,1633.188,-1306.5504
CA-2016-146262,1816.6960000000001,-1196.0595999999998
CA-2018-128363,2382.9260000000004,-1145.1882
CA-2018-152093,762.594,-1143.891
US-2018-148551,760.98,-1141.47
CA-2016-140025,847.2,-1133.2884000000001
CA-2016-155600,1635.018,-1053.3600000000001
CA-2016-105571,1361.6309999999999,-1044.4553
US-2018-162558,2437.672,-1034.8361
US-2015-148838,3455.13,-1031.6701
CA-2018-158379,4749.327,-1030.6439
CA-2017-107783,1556.694,-990.543
CA-2016-141565,1664.1319999999998,-972.0496
CA-2018-159100,1893.786,-964.4829
US-2017-157490,801.5500000000001,-961.5321
CA-2015-127299,2692.329,-937.4184
US-2018-165344,725.0790000000001,-934.3099000000001
US-2017-114013,2550.587,-928.2666
CA-2017-109869,1588.323,-857.1918000000001
CA-2017-158099,1422.252,-807.777
US-2016-103471,604.098,-785.1645
US-2018-147221,303.372,-769.7316
US-2015-106992,5579.9400000000005,-761.9928
CA-2017-103982,4406.072,-747.1021000000001
CA-2015-108609,1421.664,-734.5264
CA-2017-132479,442.372,-729.9138
CA-2015-148383,946.764,-694.2936
CA-2018-118892,4416.174,-630.882
US-2015-115196,1299.99,-571.9956
CA-2018-142090,2165.658,-571.6885
US-2018-124968,765.625,-566.5625
US-2016-155369,329.96,-564.9804
CA-2015-122882,539.0740000000001,-561.1412
US-2018-110576,3629.9360000000006,-543.6025999999999
CA-2015-126193,321.978,-536.1275999999999
CA-2016-124975,796.425,-525.6405
CA-2016-119879,1363.674,-504.2467
CA-2016-140221,257.32,-483.2092
US-2018-142573,1298.896,-482.5883
CA-2018-159282,599.985,-479.988
US-2018-117247,719.095,-473.26980000000003
CA-2017-157749,677.9490000000001,-462.9528
CA-2018-155075,631.176,-462.8624
US-2017-100839,752.4100000000001,-461.2
US-2015-169789,551.985,-459.9875
CA-2015-130421,176.772,-459.6072
CA-2016-101889,1568.862,-457.9902
CA-2018-102204,3740.51,-457.7308
CA-2018-168389,873.811,-447.3414
CA-2015-169775,709.0425,-436.74309999999997
CA-2018-118773,397.74399999999997,-436.2648
CA-2018-161739,341.96,-427.45
CA-2018-131282,251.112,-426.274
CA-2015-122931,2358.672,-413.5152
US-2015-134614,617.7,-407.682
CA-2017-168032,2067.7960000000003,-397.12760000000003
CA-2017-109827,499.303,-393.3384
CA-2016-164007,145.504,-392.85949999999997
CA-2018-151750,954.902,-390.9563
CA-2015-122336,630.746,-388.396
US-2017-105452,327.42,-388.28
CA-2017-143406,547.997,-387.67589999999996
CA-2018-141117,374.61800000000005,-386.2183
US-2016-108966,979.9455,-380.51460000000003
CA-2018-136448,684.11,-378.93080000000003
US-2016-157154,1018.104,-373.3048
CA-2017-114867,1507.938,-372.3033
CA-2016-162950,498.492,-371.25
US-2017-131611,2007.9048,-366.6311
CA-2016-169397,627.924,-365.987
US-2018-119438,296.022,-364.3734
CA-2015-165764,1395.673,-362.6668
US-2018-100930,1735.8505,-361.5705
CA-2018-100223,396.394,-359.7987
US-2018-139647,209.979,-356.9643
CA-2016-141243,1757.8536,-352.0866
CA-2017-112697,1410.066,-349.3705
CA-2017-108987,2620.9376,-345.6218
US-2018-118087,2457.141,-344.0748
US-2017-146066,815.292,-339.705
CA-2016-134719,1801.632,-337.806
US-2018-117723,1801.632,-337.806
CA-2016-122756,485.29999999999995,-336.861
US-2015-122959,210.392,-336.6272
CA-2016-104346,730.038,-332.41360000000003
CA-2015-140165,405.45599999999996,-329.56239999999997
CA-2017-155530,2003.52,-325.572
CA-2017-162236,1106.924,-322.8988
CA-2017-164924,341.991,-319.1916
US-2018-151316,193.266,-317.02950000000004
US-2017-141544,1269.8700000000001,-316.8514
US-2018-112347,1915.6239999999998,-316.46400000000006
US-2016-101399,254.744,-312.0614
US-2017-115455,615.606,-308.50980000000004
CA-2016-139731,2717.31,-307.6095
CA-2017-110898,309.082,-303.15700000000004
CA-2017-160241,242.176,-302.72
CA-2018-105851,1332.496,-299.8116
CA-2018-107629,457.176,-299.65259999999995
CA-2017-145261,610.418,-298.70239999999995
US-2018-134481,1488.424,-297.6848
US-2018-102890,1044.63,-295.9785
US-2017-127334,651.363,-295.9485
CA-2015-159520,1158.448,-292.18989999999997
CA-2015-146591,378.594,-287.9976
CA-2015-163468,1109.372,-284.74739999999997
CA-2018-109183,649.0,-272.58
CA-2017-120824,546.616,-271.0642
CA-2017-162187,1252.636,-263.5685
US-2016-165743,160.272,-258.5952
CA-2018-154039,605.752,-258.4183
CA-2016-167010,1636.356,-257.9199
US-2018-155425,1475.054,-256.5716
CA-2016-135174,1022.97,-255.7425
CA-2017-118073,562.2925,-255.5875
CA-2017-159023,184.149,-255.4524
CA-2018-121839,1169.694,-253.4337
CA-2018-162691,1476.27,-251.2959
CA-2015-168984,1122.968,-249.49400000000003
CA-2015-105984,1661.028,-244.9116
US-2018-152366,97.264,-243.16
CA-2015-155796,545.928,-242.75119999999998
US-2015-115189,775.7280000000001,-242.43959999999998
CA-2015-153850,1537.5439999999999,-240.7248
US-2018-132059,228.572,-240.1842
CA-2017-130911,320.12600000000003,-239.5436
CA-2017-129280,1043.041,-237.2885
US-2018-141558,987.1880000000001,-233.054
CA-2017-125080,661.176,-231.4116
CA-2017-134936,471.624,-230.6928
US-2016-130512,837.444,-230.1632
CA-2018-154760,274.491,-228.7425
CA-2015-142839,853.092,-227.4912
CA-2018-156237,517.2570000000001,-226.00869999999998
US-2017-110170,956.6648,-225.0976
CA-2017-168956,167.182,-224.60940000000002
CA-2015-134572,1190.53,-222.016
CA-2018-150910,1090.348,-220.5622
CA-2015-166863,1353.5296,-220.376
US-2017-160528,1416.304,-216.2264
CA-2017-129861,376.866,-213.5574
CA-2018-149888,710.322,-212.1348
CA-2015-114181,372.28499999999997,-211.6773
CA-2015-106229,268.935,-209.7693
US-2017-103646,195.976,-206.9232
CA-2017-127236,458.351,-204.94039999999998
US-2015-127978,362.24199999999996,-204.7542
US-2017-122245,393.165,-204.4458
US-2016-140200,393.165,-204.4458
US-2016-164238,346.158,-201.648
US-2018-161935,2610.73,-201.04760000000002
CA-2016-143364,860.9159999999999,-200.0
CA-2015-121629,998.85,-199.77
CA-2017-130820,630.024,-199.5076
US-2018-125647,133.89600000000002,-199.314
CA-2018-116946,193.63400000000001,-197.232
US-2018-133200,1407.2048,-195.9448
CA-2016-168746,769.332,-191.64319999999998
CA-2017-113243,1388.7800000000002,-191.56
CA-2017-161907,887.966,-191.16740000000001
CA-2018-137449,738.7052,-190.5318
US-2015-130379,104.91999999999999,-190.509
CA-2016-112767,277.5,-188.7
US-2017-141264,244.3,-187.96040000000002
CA-2016-129217,107.75399999999999,-187.9406
CA-2015-145800,355.455,-184.8366
CA-2016-105613,100.86,-183.1062
CA-2016-157133,151.96,-182.352
CA-2018-127782,891.504,-181.3609
CA-2017-157707,227.65800000000002,-180.26250000000002
US-2015-140452,314.54999999999995,-180.1676
CA-2017-149272,550.8159999999999,-179.2486
US-2018-116701,66.284,-178.9668
US-2016-165512,610.3069999999999,-176.59189999999998
CA-2018-132290,933.408,-173.3472
CA-2016-153388,1011.696,-172.5108
CA-2015-169684,426.942,-172.4535
CA-2017-131289,1475.584,-171.2236
US-2016-122784,1454.838,-169.703
CA-2018-103478,97.056,-169.41840000000002
CA-2015-103373,779.796,-168.9558
CA-2018-144526,691.476,-167.366
CA-2017-140928,383.438,-167.3184
CA-2015-119172,122.05199999999999,-166.87859999999998
CA-2015-113880,651.588,-166.4388
US-2015-112872,328.914,-166.1292
CA-2018-132199,504.50600000000003,-164.4722
CA-2018-150266,1240.418,-162.94140000000002
US-2016-154389,748.752,-162.2296
CA-2017-144540,91.23,-162.1275
CA-2015-133690,221.35,-161.5825
US-2015-159926,730.009,-161.257
US-2016-168935,459.4335,-158.0592
CA-2017-121223,737.394,-155.2983
CA-2018-105991,120.783,-152.8739
CA-2015-137274,890.841,-152.7156
CA-2018-147207,1322.75,-151.3382
US-2016-120161,646.776,-145.5246
CA-2017-159912,419.87,-143.5582
US-2017-100720,644.198,-143.4208
US-2015-117380,330.588,-143.2548
CA-2018-115651,67.304,-143.1765
CA-2018-153045,1370.5349999999999,-143.0117
CA-2016-102876,806.4090000000001,-142.9152
CA-2017-164784,377.346,-142.78699999999998
CA-2016-163181,671.002,-142.6601
CA-2018-135937,882.99,-142.1216
US-2016-168704,1061.328,-140.5778
CA-2016-113404,2048.8559999999998,-140.3973
CA-2015-138317,385.26099999999997,-137.9707
US-2016-138303,755.096,-137.481
CA-2018-142909,182.55,-135.087
CA-2017-154018,362.342,-133.22269999999997
CA-2016-146563,2645.021,-133.18769999999998
CA-2015-129147,609.4380000000001,-131.5086
US-2018-152380,219.075,-131.445
CA-2018-163160,170.572,-131.409
US-2016-134026,1001.76,-131.3742
CA-2015-155887,700.056,-130.0104
CA-2016-121720,3165.744,-129.5882
CA-2017-164770,812.6800000000001,-128.346
US-2016-118983,71.354,-127.674
CA-2018-109085,1448.853,-127.2337
CA-2015-114251,1476.8339999999998,-127.15079999999999
CA-2016-124800,1044.075,-126.5346
CA-2016-137064,692.2139999999999,-126.35340000000001
US-2015-100853,72.608,-124.56800000000001
CA-2018-137785,458.43,-124.431
CA-2017-133816,743.988,-123.998
CA-2018-133102,143.808,-123.5122
CA-2018-121300,693.13,-123.27420000000002
CA-2018-134194,160.162,-122.60159999999999
CA-2016-123456,48.632,-121.58
CA-2015-158281,559.71,-121.2705
CA-2018-101581,177.225,-120.513
CA-2018-102337,683.022,-120.4686
CA-2017-130288,313.176,-120.0508
CA-2016-133445,357.462,-118.41900000000001
CA-2017-155747,337.176,-118.0116
CA-2015-127446,1273.6229999999998,-117.8601
CA-2016-129525,166.92,-116.844
US-2016-126753,832.446,-115.9042
CA-2015-143903,1340.9759999999999,-115.8528
US-2016-136476,157.794,-115.7156
CA-2017-139157,330.588,-115.7058
US-2017-126893,494.982,-115.4958
CA-2016-143147,610.1560000000001,-113.0912
CA-2018-140326,849.846,-111.468
CA-2016-120341,166.998,-110.0988
CA-2016-104871,366.744,-110.0232
CA-2017-109400,366.744,-110.0232
CA-2015-142587,531.382,-109.1754
CA-2016-122210,258.495,-108.95419999999999
CA-2016-106208,53.088,-108.8304
CA-2016-131884,594.002,-108.6522
CA-2017-127243,740.088,-108.6367
CA-2015-129938,445.802,-108.2662
CA-2018-161557,108.4,-105.69
US-2016-138919,344.22,-103.266
CA-2017-165316,324.38700000000006,-102.3419
CA-2016-136147,233.064,-102.3195
CA-2017-104276,447.783,-99.7584
CA-2018-102750,1322.352,-99.1764
CA-2017-106383,72.294,-98.8018
CA-2018-144491,1875.128,-98.07039999999999
CA-2017-104969,129.976,-97.7039
US-2018-113992,974.988,-97.4988
US-2017-152051,714.498,-96.8898
CA-2016-109001,479.026,-96.3098
CA-2018-154011,464.373,-95.9823
CA-2018-106432,330.4712,-95.281
US-2017-120929,189.882,-94.941
CA-2018-152926,37.208,-94.8804
CA-2015-121769,172.11,-94.6605
CA-2016-110891,344.372,-93.4724
US-2016-123918,136.72,-93.3772
US-2016-147662,427.548,-92.83680000000001
US-2017-157945,756.486,-92.7666
US-2018-116659,370.782,-92.6955
CA-2016-135251,467.6532,-91.21629999999999
CA-2017-145303,179.53680000000003,-91.1114
CA-2016-163965,377.902,-91.074
CA-2018-144680,33.62,-90.774
CA-2016-119550,275.058,-90.3762
US-2017-100566,83.952,-90.2484
US-2015-141215,906.43,-90.1178
CA-2015-159835,670.3779999999999,-90.1
US-2017-111563,77.488,-89.9808
US-2015-112914,340.31280000000004,-89.928
CA-2018-159793,130.98,-89.0664
CA-2017-108875,532.496,-88.31899999999999
CA-2015-120544,46.088,-88.0328
CA-2016-111339,366.666,-87.3009
CA-2017-119186,477.142,-87.1517
CA-2015-164210,181.78799999999998,-86.73360000000001
US-2017-155173,502.221,-85.99849999999999
CA-2016-120397,32.784,-85.2384
US-2015-105137,120.258,-84.7894
US-2018-132381,314.532,-83.8752
CA-2017-120796,99.846,-83.205
CA-2015-103191,331.536,-82.884
CA-2017-125087,2027.188,-82.8626
CA-2016-107083,39.608000000000004,-82.59320000000001
CA-2017-145730,962.406,-82.0947
CA-2018-141425,384.592,-81.7258
CA-2018-152135,445.44,-81.664
US-2018-111024,279.004,-81.6628
CA-2018-113453,401.36400000000003,-81.4582
CA-2018-124765,723.92,-81.441
CA-2018-141705,517.405,-81.3065
CA-2016-164084,654.7719999999999,-80.6772
CA-2017-158211,109.252,-79.594
US-2015-115987,51.184,-79.3352
US-2015-160444,502.2,-79.3332
US-2016-122140,130.288,-79.3074
CA-2015-129189,751.886,-79.1232
CA-2016-130365,349.082,-79.0382
CA-2018-115119,142.98000000000002,-78.4845
CA-2016-101868,175.32,-77.9315
CA-2017-144645,73.784,-77.4732
CA-2018-162565,608.552,-77.3036
CA-2018-157413,324.744,-77.1267
CA-2018-130505,673.344,-76.9536
CA-2017-168046,831.502,-76.4367
CA-2016-122266,194.1395,-76.1798
US-2018-119816,114.684,-76.1086
CA-2017-129847,84.272,-75.8448
US-2017-109260,431.976,-75.5958
US-2018-106551,526.344,-75.192
US-2018-106663,169.253,-74.9161
CA-2018-106068,337.81800000000004,-74.30619999999999
CA-2016-149650,454.272,-73.8192
CA-2018-147760,1883.7240000000002,-73.0503
CA-2018-152583,321.39,-72.5666
CA-2017-163398,55.971999999999994,-72.1581
CA-2015-105417,87.15799999999999,-71.9621
CA-2016-131352,72.78,-70.9605
CA-2015-103849,225.016,-70.7293
CA-2017-158778,1024.637,-70.4747
CA-2016-161263,239.204,-70.1181
CA-2015-153976,258.279,-70.1043
US-2018-164056,1048.35,-69.89
CA-2017-113978,642.016,-69.8378
US-2018-144582,43.372,-69.3952
CA-2015-152100,1212.96,-69.312
US-2018-158218,162.16,-69.062
US-2016-147739,547.136,-68.392
US-2018-122637,42.616,-68.1856
CA-2018-148999,419.136,-68.1096
CA-2017-135636,387.72,-67.851
CA-2018-117653,91.275,-67.5435
CA-2015-120411,504.55,-67.015
US-2018-160836,524.0180000000001,-66.8442
CA-2018-164168,256.36,-66.7672
US-2016-107349,41.568,-66.5088
CA-2018-126123,40.852000000000004,-66.0118
CA-2015-112326,288.06,-65.9901
CA-2016-102260,763.5079999999999,-65.819
US-2015-140914,808.928,-64.9594
CA-2015-137589,286.344,-64.4274
CA-2018-121216,57.984,-64.352
CA-2016-139584,310.364,-64.1304
CA-2018-163006,1584.866,-63.961200000000005
CA-2018-112529,749.8919999999999,-63.0732
CA-2017-131093,295.4,-62.7725
CA-2018-100356,23.992,-62.3792
US-2018-169551,1344.838,-62.289500000000004
CA-2015-108273,92.856,-62.2518
CA-2018-113481,740.214,-61.5156
CA-2015-131009,574.194,-61.157700000000006
US-2018-147669,484.32300000000004,-60.596399999999996
CA-2016-118738,373.281,-60.4002
CA-2018-161340,129.832,-59.909000000000006
CA-2018-165204,728.968,-59.6666
CA-2018-164042,70.14800000000001,-59.6544
US-2017-151827,312.76599999999996,-59.636700000000005
CA-2015-126200,38.064,-59.6184
US-2018-147655,88.074,-58.716
US-2018-167570,215.544,-58.5048
CA-2016-128608,389.43399999999997,-58.142
US-2017-158288,78.759,-57.7566
CA-2015-120852,84.872,-57.7316
US-2015-164616,85.96,-57.7136
CA-2018-129490,419.136,-57.6312
CA-2018-126144,285.576,-57.1152
CA-2018-113908,508.78799999999995,-57.02040000000001
US-2017-135923,530.272,-56.9024
US-2018-156356,61.486,-56.785799999999995
CA-2018-169894,436.596,-56.784800000000004
CA-2017-136770,787.044,-56.7554
CA-2015-157924,465.488,-56.736000000000004
US-2016-156867,378.138,-56.5317
CA-2016-150714,1215.269,-56.351399999999984
CA-2016-154823,637.27,-55.624199999999995
CA-2018-166576,221.024,-55.256
CA-2018-166835,221.024,-55.256
CA-2018-166695,868.452,-55.2156
CA-2018-118402,243.92,-54.882
US-2018-150595,205.922,-54.7089
CA-2018-125451,1169.98,-54.1212
CA-2018-155740,76.776,-53.7432
CA-2018-111220,257.508,-53.7226
CA-2018-130526,33.568,-53.7088
US-2017-156097,703.68,-53.56
CA-2015-149524,61.96,-53.2856
US-2018-139969,233.058,-53.2704
US-2016-168914,20.768,-52.9584
CA-2015-138023,30.96,-52.632
CA-2018-168739,65.424,-52.3392
US-2018-125717,535.264,-52.2346
CA-2018-166849,44.4,-52.17
US-2018-166324,979.626,-52.07
US-2017-166660,483.748,-52.062799999999996
CA-2018-159149,702.8424,-52.062599999999996
CA-2016-113628,792.5079999999999,-51.9419
US-2015-147774,67.194,-51.5154
CA-2015-126802,38.976,-50.6688
CA-2016-123092,288.85,-50.5032
US-2018-160465,466.81399999999996,-50.25
CA-2015-169649,28.836000000000002,-50.052
US-2018-122672,265.072,-49.9172
CA-2017-130393,345.324,-49.83
CA-2018-152807,481.472,-49.569599999999994
CA-2018-112004,199.49099999999999,-49.254599999999996
US-2018-119662,230.376,-48.9549
US-2018-166611,68.742,-48.1194
CA-2018-111717,239.358,-47.8716
CA-2016-162621,89.86,-47.729
CA-2018-123036,296.952,-47.51
CA-2018-149895,258.528,-47.3968
US-2015-117744,114.78399999999999,-47.3384
CA-2017-133669,235.152,-47.0304
CA-2015-103702,63.924,-46.8776
US-2018-110996,283.92,-46.137
CA-2018-121293,477.09200000000004,-46.1199
US-2017-144057,1013.7919999999999,-46.03800000000001
US-2018-108014,59.913,-45.9333
CA-2015-138177,73.915,-45.8273
CA-2017-155551,240.04,-45.6933
CA-2017-136231,228.586,-45.4718
US-2015-158057,59.109,-45.3169
CA-2018-147767,67.86,-45.24
US-2016-117184,47.368,-44.989200000000004
US-2018-107979,197.29999999999998,-44.432100000000005
US-2018-129203,195.136,-43.9056
CA-2016-168088,449.0496,-43.8962
CA-2018-157350,64.96,-43.848
US-2015-159611,300.512,-43.3442
US-2015-103905,68.204,-42.5674
US-2015-102631,94.428,-42.4926
CA-2016-129896,496.89599999999996,-41.9724
CA-2015-112158,1050.6,-41.93959999999999
CA-2016-157812,162.072,-41.793899999999994
CA-2018-143378,697.612,-41.105000000000004
CA-2017-116799,606.2139999999999,-40.833800000000004
CA-2017-150483,252.007,-40.707800000000006
CA-2018-122700,220.752,-40.4712
CA-2017-118969,54.792,-40.1808
US-2016-157014,139.544,-40.1648
CA-2018-125199,456.51200000000006,-40.1114
CA-2016-157322,1305.81,-39.8683
CA-2015-148915,599.896,-39.7414
CA-2016-132388,393.18600000000004,-39.416399999999996
CA-2016-142237,676.734,-39.385799999999996
CA-2018-110821,237.608,-38.5469
CA-2017-134334,573.741,-38.3121
CA-2018-135076,436.704,-38.2116
US-2017-150147,108.42,-37.9432
CA-2017-132066,142.182,-37.9152
US-2017-148901,191.018,-37.6126
CA-2015-127166,186.908,-37.6056
US-2018-154872,87.994,-37.027
CA-2015-151162,362.466,-36.781800000000004
CA-2018-165386,183.372,-36.6744
CA-2016-130792,44.660000000000004,-36.5239
CA-2018-125269,83.214,-36.4485
CA-2018-154907,205.3328,-36.2352
CA-2018-137624,241.424,-36.2136
CA-2015-136742,44.91,-35.928
CA-2016-118423,359.058,-35.9058
CA-2017-134222,44.856,-35.8848
CA-2018-166142,336.993,-35.7744
CA-2018-120061,155.372,-35.5136
US-2015-143721,155.372,-35.5136
US-2016-100531,39.368,-35.3712
CA-2015-124394,130.756,-35.2444
US-2018-118556,110.43299999999999,-35.2443
US-2017-105830,156.512,-35.2152
US-2015-138758,241.19400000000002,-34.6598
US-2017-159856,307.92,-34.641
CA-2018-128944,921.228,-34.634100000000004
CA-2018-121160,65.84,-34.463
CA-2015-168312,513.861,-34.445100000000004
CA-2018-140627,303.32,-34.430099999999996
CA-2018-117870,193.974,-34.2405
CA-2018-101322,340.704,-34.0704
US-2017-127971,448.418,-34.0652
US-2016-129637,234.688,-34.0126
CA-2018-155089,45.66,-33.484
US-2015-161305,38.572,-33.3918
CA-2015-140228,211.57600000000002,-33.1954
CA-2017-159940,339.98,-33.0869
CA-2018-142489,21.99,-32.985
CA-2018-146346,146.352,-32.9292
CA-2017-126627,30.392,-32.5272
CA-2016-139094,206.962,-32.5226
CA-2017-146010,40.635,-32.508
CA-2017-144148,863.128,-32.3673
CA-2018-135650,143.728,-32.3388
US-2017-126844,51.712,-32.32
CA-2016-100734,150.76,-32.2976
CA-2017-101693,117.958,-32.2586
US-2018-126060,198.272,-32.2192
CA-2018-112809,228.188,-32.0998
CA-2018-134404,177.636,-31.974200000000003
CA-2018-101049,59.176,-31.916000000000004
CA-2017-167605,30.344,-31.8612
CA-2018-141992,164.768,-31.797800000000002
CA-2018-130141,582.304,-31.491200000000003
US-2018-104661,147.636,-31.3862
US-2017-161844,82.92,-31.386
US-2017-128902,244.006,-31.3722
CA-2015-101602,803.9599999999999,-30.961
CA-2018-165757,50.415000000000006,-30.7927
US-2015-117058,17.46,-30.555
CA-2018-135692,253.3856,-30.5176
CA-2017-118129,303.92,-30.392
CA-2017-139689,40.896,-29.8968
CA-2016-133585,1283.3264,-29.893200000000004
US-2016-145422,359.499,-29.6058
CA-2017-103919,38.08,-29.512
CA-2018-120705,147.184,-29.4368
US-2015-155894,123.552,-29.3436
US-2016-125374,107.772,-29.2524
CA-2016-130848,582.336,-29.1168
CA-2018-122539,422.909,-28.9195
CA-2018-150959,28.775999999999996,-28.695
US-2018-150070,161.568,-28.2744
CA-2018-105410,976.828,-27.878
CA-2017-147368,695.7,-27.828
CA-2016-133452,910.792,-27.7534
CA-2016-120901,162.064,-27.4784
US-2015-157385,1037.19,-27.319900000000004
CA-2017-142398,651.496,-27.291600000000003
CA-2016-104129,599.9,-27.1642
CA-2015-142965,53.344,-27.0848
CA-2016-114923,107.982,-26.9955
CA-2018-106831,189.918,-26.916199999999996
CA-2018-163125,321.202,-26.7895
US-2018-133312,369.97900000000004,-26.7762
CA-2017-140641,38.19,-26.733
CA-2017-111976,114.55999999999999,-26.680799999999998
CA-2016-168809,31.782,-26.6026
US-2017-129469,537.616,-26.328200000000002
CA-2017-106243,523.92,-26.196
CA-2015-102869,233.24399999999997,-26.0068
CA-2016-137512,259.942,-25.9938
CA-2015-123295,259.136,-25.9136
CA-2018-154732,16.03,-25.648
CA-2018-104850,291.136,-25.4744
CA-2018-145702,342.23999999999995,-25.255200000000002
US-2017-149790,15.624,-24.9984
US-2015-160780,36.252,-24.9072
CA-2017-169922,22.16,-24.8936
CA-2015-163867,210.176,-24.8722
US-2017-148110,347.802,-24.843
CA-2018-103765,13.762,-24.7716
US-2018-124926,9.324,-24.7086
CA-2017-117590,1288.4640000000002,-24.4893
CA-2017-124254,191.808,-24.403200000000002
CA-2017-133872,58.4,-24.316
US-2015-110674,129.568,-24.294
CA-2017-131296,239.372,-23.9372
CA-2015-115336,14.48,-23.892
CA-2018-156895,128.058,-23.7822
US-2017-150567,29.97,-23.7792
CA-2018-103499,209.568,-23.5764
CA-2015-107398,30.246000000000002,-23.544
CA-2015-105648,626.352,-23.4882
CA-2018-157469,170.916,-23.4718
CA-2015-120775,57.908,-23.2796
CA-2016-104948,723.164,-23.2588
CA-2016-119627,329.44,-23.007600000000004
CA-2018-114524,13.468,-22.8956
US-2018-136679,212.992,-22.788200000000003
CA-2015-139598,361.608,-22.6371
CA-2017-129308,85.209,-22.3352
US-2015-150574,252.61200000000002,-22.2742
US-2017-156986,132.709,-22.145899999999997
CA-2017-124793,196.784,-22.1382
US-2017-112977,176.784,-22.098
CA-2016-141250,301.742,-21.712200000000003
CA-2018-118885,695.944,-21.598200000000002
CA-2018-146024,19.198,-21.5615
CA-2015-160157,190.848,-21.4704
US-2018-123834,124.404,-21.3264
CA-2018-168102,113.568,-21.294
CA-2015-124429,926.44,-21.169600000000003
CA-2018-113873,267.7912,-21.0854
CA-2018-134495,269.4,-20.9436
CA-2018-100615,347.378,-20.7596
CA-2017-118178,31.086,-20.724
US-2017-134908,132.168,-20.718
CA-2016-143077,28.524,-20.631
US-2018-127341,12.128,-20.6176
US-2015-134971,12.462,-20.5623
CA-2016-112130,1058.1879999999999,-20.435299999999998
CA-2018-117667,588.008,-20.3828
CA-2017-134544,84.784,-20.1362
CA-2015-154963,1106.77,-20.0355
US-2018-119319,30.56,-19.864
CA-2016-112214,72.65,-19.77
US-2015-127635,31.408,-19.627
CA-2017-166240,8.712,-19.602
CA-2016-102316,200.73600000000002,-19.585800000000003
US-2017-101196,82.368,-19.5624
CA-2016-101091,74.048,-19.3826
CA-2015-130673,108.44399999999999,-19.3413
US-2015-161613,674.058,-19.2588
CA-2018-140298,94.508,-19.1493
CA-2018-109757,49.704,-19.142400000000002
CA-2015-100090,699.192,-19.089
US-2017-128909,351.968,-18.9824
US-2018-106579,12.176,-18.8728
CA-2017-162404,11.416,-18.8364
CA-2018-142867,24.048000000000002,-18.831599999999998
US-2016-150161,25.176,-18.4624
CA-2017-130484,26.352,-18.4464
CA-2018-152702,254.604,-18.186
CA-2017-125017,132.224,-18.1808
CA-2015-102295,120.712,-18.1068
CA-2016-130183,613.9992,-18.0588
CA-2018-102610,248.396,-18.0329
CA-2016-102806,24.588,-18.0312
CA-2017-144764,1427.308,-17.953899999999997
CA-2017-140018,235.851,-17.796599999999998
US-2017-152373,93.456,-17.523
US-2018-130603,11.646,-17.469
CA-2018-149720,30.336,-17.4432
US-2018-131961,97.236,-17.3538
CA-2015-123498,100.398,-17.325599999999998
CA-2016-156377,18.416,-17.2886
CA-2016-111990,10.476,-17.2854
CA-2017-167507,65.944,-17.1064
CA-2016-135391,80.88,-17.0556
US-2018-143028,11.364,-17.046
CA-2016-161627,170.352,-17.0352
CA-2016-116484,205.37599999999998,-16.967399999999998
CA-2017-116344,84.784,-16.9568
CA-2015-162866,62.967999999999996,-16.7696
US-2015-112200,9.98,-16.467
US-2017-131149,492.28000000000003,-16.452
US-2015-118486,281.85200000000003,-16.404200000000003
CA-2016-124541,92.052,-16.3542
US-2018-134642,428.70399999999995,-16.340200000000003
CA-2017-159009,197.96800000000002,-16.3242
CA-2018-101308,93.724,-16.023799999999998
US-2017-106677,23.988,-15.992
CA-2016-130785,733.283,-15.831800000000001
CA-2015-122567,9.04,-15.658
CA-2017-116974,23.976,-15.5844
CA-2017-140746,181.797,-15.5826
CA-2018-131618,23.887999999999998,-15.52
CA-2016-111073,51.588,-15.4764
US-2018-165456,1079.316,-15.4188
CA-2016-152891,313.626,-15.325499999999998
US-2016-164175,213.115,-15.2225
CA-2017-162383,103.054,-15.1722
US-2016-101511,412.682,-15.108699999999999
CA-2018-117513,399.672,-14.9877
CA-2017-159737,8.808,-14.9736
US-2015-111171,8.69,-14.773
CA-2015-108182,8.952,-14.7708
CA-2018-154109,175.324,-14.749399999999998
US-2017-123750,895.06,-14.743599999999995
CA-2015-129924,706.064,-14.6632
CA-2015-134621,18.24,-14.592
CA-2016-132136,8.568,-14.5656
CA-2018-104003,307.666,-14.4784
US-2015-147606,19.3,-14.475
CA-2018-124674,327.7328,-14.4588
CA-2015-110030,23.976,-14.3856
CA-2016-108259,81.135,-14.378999999999998
CA-2018-103415,13.592,-14.2716
CA-2018-110198,318.96,-14.219999999999999
CA-2017-164154,59.94800000000001,-14.1904
CA-2017-115574,141.372,-14.1372
US-2017-144393,17.616,-14.0928
CA-2017-119165,492.835,-14.081
CA-2018-131807,753.112,-14.044500000000001
CA-2016-159786,209.67,-13.978
CA-2015-130575,9.264,-13.896
CA-2017-112025,9.264,-13.896
CA-2016-105599,41.374,-13.8847
CA-2016-129112,30.264000000000003,-13.8837
CA-2016-142027,369.912,-13.8717
CA-2015-151708,217.352,-13.8317
CA-2016-138534,195.466,-13.7976
US-2018-101784,122.136,-13.7403
CA-2016-136378,9.156,-13.734
CA-2015-165540,8.85,-13.7175
US-2017-113509,83.976,-13.6461
CA-2015-110611,83.92,-13.637
US-2017-132577,60.44,-13.632200000000001
US-2018-108245,24.619999999999997,-13.504199999999999
CA-2017-163594,250.416,-13.3758
US-2017-134488,155.372,-13.3176
CA-2018-112536,17.798000000000002,-13.278500000000001
US-2018-132031,513.496,-13.240799999999998
CA-2015-146843,150.232,-13.014600000000002
US-2017-128293,64.784,-12.9568
CA-2018-127516,64.784,-12.9568
CA-2017-153101,146.04,-12.7785
CA-2018-153654,19.008,-12.672
CA-2016-125185,132.94,-12.5528
US-2015-156216,18.648,-12.432
CA-2018-157420,55.176,-12.4146
CA-2015-151946,440.04799999999994,-12.374399999999998
CA-2015-105165,469.043,-12.3729
CA-2018-152261,18.528,-12.352
CA-2017-137652,18.432,-12.288
CA-2015-138450,249.472,-12.213999999999999
US-2017-114293,195.136,-12.196
CA-2015-148040,388.70399999999995,-12.129600000000003
CA-2015-131247,205.666,-12.098
US-2017-162852,845.488,-12.0784
US-2017-162677,187.61599999999999,-12.077900000000001
CA-2018-122987,80.564,-12.0292
CA-2017-137176,15.008,-12.0064
CA-2018-161851,15.57,-11.937
CA-2016-100818,234.516,-11.901399999999994
US-2018-108315,225.54600000000002,-11.827200000000001
US-2015-163797,49.792,-11.8256
CA-2017-136595,21.204,-11.6622
US-2017-131114,43.964,-11.6466
CA-2017-132017,6.816,-11.5872
US-2015-120236,7.68,-11.52
CA-2017-136322,74.32,-11.401600000000002
US-2015-165589,25.16,-11.322
CA-2018-112473,50.136,-11.2806
CA-2018-155642,24.5,-11.1669
CA-2018-148411,531.888,-11.1576
CA-2015-105340,6.928,-11.0848
CA-2018-143021,138.382,-11.071299999999997
CA-2017-118934,16.218,-10.9566
US-2018-132220,62.352,-10.9116
US-2016-146745,135.936,-10.807599999999999
CA-2018-137365,95.976,-10.7973
CA-2018-130967,53.982,-10.7964
CA-2015-133809,21.396,-10.7366
CA-2018-163265,705.0020000000001,-10.7121
CA-2015-148950,43.016,-10.3947
CA-2016-138492,51.968,-10.3936
CA-2017-117226,6.924,-10.386
CA-2016-166338,14.832,-10.3824
CA-2015-164182,111.05000000000001,-10.3644
US-2015-105767,79.638,-10.362
US-2017-120460,22.608,-10.1736
CA-2018-136497,13.71,-10.054
CA-2016-138457,13.092,-10.0372
CA-2017-134516,115.47999999999999,-10.001100000000001
CA-2016-155068,78.456,-9.9809
CA-2018-163860,125.97999999999999,-9.7236
CA-2015-113859,340.116,-9.7176
CA-2018-151855,39.252,-9.7101
US-2018-145863,5.628,-9.702300000000001
CA-2017-130680,38.24,-9.56
CA-2016-144302,5.792,-9.5568
CA-2018-158953,6.37,-9.555
CA-2017-124562,12.957,-9.5018
US-2015-150119,311.196,-9.482800000000001
CA-2018-147277,949.7719999999999,-9.289599999999993
CA-2016-100545,11.61,-9.288
CA-2017-166373,106.08,-9.282
CA-2016-136728,177.89600000000002,-9.213999999999999
CA-2017-159989,40.68,-9.153
US-2015-123519,403.114,-9.147799999999997
CA-2015-110219,127.869,-9.1335
US-2018-160759,63.686,-9.098
CA-2015-139542,54.474000000000004,-9.078899999999999
CA-2018-133067,11.598,-9.0582
CA-2018-148810,287.42400000000004,-8.9958
US-2016-120572,12.828,-8.9796
CA-2016-129700,22.288,-8.9152
US-2018-132206,5.936,-8.904
CA-2018-136539,106.02080000000001,-8.8792
CA-2015-166730,39.128,-8.8038
US-2018-137491,305.312,-8.7232
US-2016-123218,775.01,-8.619199999999992
US-2018-146878,12.294,-8.6058
US-2015-152030,600.558,-8.5794
CA-2017-139234,29.384,-8.565199999999999
CA-2017-149349,22.752,-8.532
CA-2016-131597,170.136,-8.5068
CA-2015-165393,4.984,-8.4728
CA-2017-123337,291.146,-8.333599999999999
CA-2016-141810,374.076,-8.215999999999994
US-2018-132927,11.088,-8.1312
CA-2017-143910,145.764,-8.098
CA-2015-163034,646.2,-8.0775
US-2015-150924,5.18,-8.029
CA-2018-122028,10.782,-7.9068
US-2017-100419,4.788,-7.9002
US-2017-137295,187.228,-7.8320000000000025
CA-2018-110429,11.673,-7.782
CA-2015-156790,155.456,-7.7728
US-2016-104430,5.176,-7.764
US-2018-149510,98.446,-7.722800000000001
CA-2018-142671,11.52,-7.68
CA-2016-106362,10.332,-7.5768
CA-2015-161249,13.809000000000001,-7.4901
US-2015-166310,8.544,-7.476
CA-2015-119466,8.544,-7.476
CA-2017-125661,180.71200000000002,-7.461500000000001
CA-2016-153073,17.496,-7.4358
CA-2017-109820,32.751,-7.4058
CA-2017-154536,9.555,-7.3255
CA-2018-113075,40.68,-7.119
CA-2017-106306,9.702,-7.1148
US-2017-150357,24.703,-7.1091999999999995
CA-2016-154970,61.584,-6.9282
US-2017-148334,4.312,-6.8992
CA-2018-125913,427.59200000000004,-6.8909
CA-2017-128706,16.192,-6.8816
CA-2018-124191,8.856,-6.8634
CA-2016-101924,9.762,-6.8334
CA-2016-127110,109.36,-6.721200000000001
US-2017-128195,3.98,-6.567
US-2018-117331,8.559,-6.5619
US-2015-140116,719.576,-6.553799999999999
CA-2015-166891,589.41,-6.549
US-2017-114622,8.904,-6.5296
CA-2018-101749,171.288,-6.4233
CA-2018-167003,171.288,-6.4233
CA-2018-148138,51.168,-6.396
CA-2018-155824,61.876,-6.378400000000001
CA-2018-128426,4.24,-6.36
CA-2015-101147,2.394,-6.3441
CA-2016-156608,3.592,-6.286
CA-2017-143154,165.6,-6.21
CA-2016-118955,253.34000000000003,-6.1662
CA-2016-113523,7.656,-6.1248
CA-2015-133389,8.226,-6.0324
CA-2016-110247,8.226,-6.0324
CA-2018-163692,7.857,-6.0237
CA-2018-142461,204.6664,-6.0196
CA-2015-166716,421.372,-6.0196
CA-2018-107832,7.476,-5.9808
CA-2018-157112,17.104,-5.9696
CA-2017-128916,14.896,-5.9584
CA-2017-134348,42.622,-5.9478
CA-2018-161592,8.1,-5.94
CA-2015-115791,299.964,-5.933499999999999
CA-2017-125920,3.798,-5.8869
US-2016-114839,408.422,-5.8346
US-2016-141453,3.882,-5.823
CA-2017-115588,53.696,-5.747999999999999
CA-2017-123617,7.434,-5.6994
CA-2018-146367,3.318,-5.6406
CA-2018-112725,142.344,-5.473800000000001
CA-2016-125696,7.38,-5.412
CA-2016-156146,174.304,-5.3644
CA-2018-169404,103.48,-5.279399999999999
US-2016-118766,8.424,-5.256
CA-2018-169439,92.032,-5.202400000000001
CA-2017-104311,36.648,-5.1912
CA-2017-141180,7.764,-5.176
CA-2017-157511,107.396,-5.125
CA-2016-116750,12.158000000000001,-5.0447999999999995
CA-2015-117478,6.57,-5.037
US-2018-118038,38.196,-5.0352
CA-2017-155670,21.503999999999998,-5.026800000000001
CA-2018-116127,400.784,-5.0098
CA-2018-155936,3.036,-5.0094
CA-2017-129686,160.384,-4.995999999999999
US-2015-122021,191.34,-4.9704
CA-2017-138695,452.464,-4.957000000000001
CA-2016-120845,22.549,-4.9428
CA-2016-114468,59.848,-4.898
US-2016-149692,2.772,-4.851
CA-2015-118276,8.736,-4.8048
US-2018-154851,5.715,-4.7625
US-2017-162103,3.136,-4.704
CA-2016-145828,53.04,-4.641
CA-2018-160122,182.97,-4.633199999999999
CA-2015-111360,5.742,-4.5936
CA-2015-161508,554.1659999999999,-4.5604
CA-2015-103744,11.364,-4.522500000000001
CA-2016-126970,2.808,-4.4928
US-2018-155299,1.624,-4.466
CA-2018-156412,5.346,-4.455
CA-2015-148425,6.642,-4.428
CA-2017-148208,165.55200000000002,-4.372500000000002
CA-2016-119690,128.928,-4.352399999999997
CA-2018-167549,298.116,-4.2588
CA-2015-114195,94.264,-4.235199999999999
US-2015-158638,5.892,-4.1244
CA-2017-136049,5.553,-4.0722
CA-2015-139633,5.484,-4.0216
US-2016-105676,6.688,-4.0128
CA-2018-108070,308.753,-3.9898000000000002
CA-2018-101728,2.296,-3.9032
CA-2017-134691,2.296,-3.9032
US-2015-107405,16.272,-3.8646
CA-2017-130050,9.552,-3.8208
CA-2018-133928,4.572,-3.81
CA-2016-105221,38.528,-3.8068
CA-2018-111374,4.956,-3.7996
US-2018-109484,5.682,-3.788
CA-2018-165099,1.392,-3.7584
CA-2015-114517,109.83600000000001,-3.7235999999999994
CA-2018-138156,147.568,-3.6892
US-2016-136259,34.418,-3.4938000000000002
CA-2018-160801,4.842,-3.3894
CA-2018-145093,2.112,-3.3792
US-2018-100482,43.888000000000005,-3.2788000000000004
US-2017-133879,544.99,-3.2454
CA-2017-108644,1.964,-3.2406
US-2016-163783,12.672,-3.168
CA-2016-113173,270.356,-3.1479999999999997
CA-2018-125878,1.788,-3.0396
CA-2018-124940,47.904,-2.994
US-2018-110646,166.692,-2.9785000000000013
US-2017-117037,63.922,-2.9346000000000014
CA-2016-144043,46.688,-2.918
CA-2017-108364,1.8,-2.88
CA-2016-150413,1.72,-2.838
CA-2018-152198,28.83,-2.8011999999999997
US-2018-166233,24.0,-2.7
CA-2018-158246,215.976,-2.6997
CA-2018-111388,215.976,-2.6997
CA-2018-139773,188.552,-2.6936
CA-2017-145499,3.282,-2.6256
US-2017-158309,3.744,-2.6208
CA-2018-112487,3.132,-2.61
CA-2016-139374,179.886,-2.5698
CA-2016-133977,3.444,-2.5256
CA-2015-152905,12.624,-2.5248
CA-2016-162761,50.461999999999996,-2.4326
CA-2018-131016,56.512,-2.4160000000000004
CA-2018-123239,91.032,-2.2758
CA-2017-108567,2.694,-2.245
CA-2016-149384,3.366,-2.244
US-2016-120712,88.8,-2.22
CA-2016-157343,52.248000000000005,-2.1340000000000012
CA-2016-160787,2.946,-2.0622
CA-2018-149181,47.992,-2.0568
CA-2016-122623,47.516,-2.0364
CA-2017-163202,2.907,-2.0349
US-2016-161347,2.412,-2.01
CA-2015-126277,2.502,-2.0016
CA-2016-149300,32.985,-1.9791
US-2018-168690,2.808,-1.9656
CA-2018-106691,1.248,-1.9344
CA-2018-168900,2.313,-1.9275
US-2017-146710,114.84,-1.9188
CA-2016-146829,1.112,-1.8904
CA-2017-158806,48.996,-1.889100000000001
CA-2018-152205,2.655,-1.8585
CA-2017-140977,91.475,-1.8295
CA-2015-130918,7.632,-1.8126
CA-2017-126165,71.088,-1.7772
CA-2017-164889,71.088,-1.7772
CA-2016-148873,111.76,-1.7688000000000006
US-2015-112564,2.502,-1.7514
US-2017-123470,141.21,-1.6140000000000008
US-2016-144771,64.072,-1.6072000000000002
CA-2015-103086,5.312,-1.5936
CA-2018-169817,1.908,-1.5264
CA-2018-169362,39.984,-1.4994
CA-2018-167941,831.368,-1.4835999999999956
US-2017-131891,2.214,-1.476
CA-2017-113600,2.214,-1.476
US-2016-115343,673.576,-1.4697000000000005
CA-2018-160045,1.988,-1.4413
CA-2018-117394,19.04,-1.428
CA-2018-105620,141.0,-1.4249999999999998
US-2015-152723,0.876,-1.4016
CA-2018-121678,1.824,-1.3984
US-2016-165449,27.168,-1.3584
US-2016-160150,2.025,-1.35
CA-2017-168361,0.836,-1.3376
CA-2015-101770,1.869,-1.3083
CA-2017-146521,1.941,-1.294
CA-2015-101175,100.704,-1.2588
CA-2018-115070,16.739,-1.2453
CA-2016-151043,47.984,-1.1996
US-2015-149034,47.496,-1.1874
CA-2016-111325,20.451,-1.1835
CA-2017-150007,7.9079999999999995,-1.1435999999999997
US-2015-139500,37.296,-1.0656
CA-2016-105312,11.481,-1.0427999999999997
US-2018-156909,71.372,-1.0196
US-2018-162068,1.188,-0.99
CA-2018-124114,0.556,-0.9452
CA-2017-163153,100.716,-0.9156
CA-2018-112865,36.048,-0.9012
CA-2017-124506,143.96,-0.8572
CA-2015-112718,1.167,-0.8558
US-2018-100209,1.08,-0.792
US-2016-106495,11.672,-0.7295
CA-2017-135594,50.12,-0.6265
CA-2018-156720,3.024,-0.6048
CA-2015-112403,0.852,-0.5964
CA-2018-111262,65.728,-0.5287999999999999
US-2018-139955,1.744,-0.3488
CA-2016-164336,73.776,-0.2610000000000001
CA-2017-116232,24.066,-0.2088000000000001
US-2018-106131,337.688,-0.03850000000000087
