year,month,sales,profit,period
2015,1,14236.895,2450.1907,2015-01
2015,2,4519.892,862.3084,2015-02
2015,3,55691.009,498.7299,2015-03
2015,4,28013.973,3500.894,2015-04
2015,5,23648.287,2738.7096,2015-05
2015,6,34595.1276,4976.5244,2015-06
2015,7,33946.393,-841.4826000000002,2015-07
2015,8,27909.4685,5318.105,2015-08
2015,9,81777.3508,8328.0994,2015-09
2015,10,31453.393,3448.2573,2015-10
2015,11,78628.7167,9292.1269,2015-11
2015,12,69545.6205,8983.5699,2015-12
2016,1,18174.0756,-3281.007,2016-01
2016,2,11951.411,2813.8508,2016-02
2016,3,38726.252,9732.0978,2016-03
2016,4,34195.2085,4187.4962,2016-04
2016,5,30131.6865,4667.869,2016-05
2016,6,24797.292,3335.5572,2016-06
2016,7,28765.325,3288.6483,2016-07
2016,8,36898.3322,5355.8084,2016-08
2016,9,64595.918,8209.1627,2016-09
2016,10,31404.9235,2817.366,2016-10
2016,11,75972.5635,12474.7884,2016-11
2016,12,74919.5212,8016.9659,2016-12
2017,1,18542.490999999998,2824.8233,2017-01
2017,2,22978.815,5004.5795,2017-02
2017,3,51715.875,3611.9680000000003,2017-03
2017,4,38750.039000000004,2977.8149,2017-04
2017,5,56987.728,8662.1464,2017-05
2017,6,40344.534,4750.3781,2017-06
2017,7,39261.963,4432.8778999999995,2017-07
2017,8,31115.3743,2062.0693,2017-08
2017,9,73410.0249,9328.6576,2017-09
2017,10,59687.745,16243.142500000002,2017-10
2017,11,79411.9658,4011.4075,2017-11
2017,12,96999.043,17885.3093,2017-12
2018,1,43971.374,7140.4391,2018-01
2018,2,20301.1334,1613.8719999999998,2018-02
2018,3,58872.3528,14751.891500000002,2018-03
2018,4,36521.5361,933.2899999999998,2018-04
2018,5,44261.1102,6342.5828,2018-05
2018,6,52981.7257,8223.3357,2018-06
2018,7,45264.416,6952.6212,2018-07
2018,8,63120.888,9040.9557,2018-08
2018,9,87866.652,10991.5556,2018-09
2018,10,77776.9232,9275.2755,2018-10
2018,11,118447.825,9690.1037,2018-11
2018,12,83829.3188,8483.346800000001,2018-12
