sub_category,sales,profit
Copiers,149528.03,55617.8249
Phones,330007.054,44515.7306
Accessories,167380.318,41936.6357
Paper,78479.206,34053.5693
Binders,203412.733,30221.7633
Chairs,328167.73099999997,26602.2251
Storage,223843.608,21278.8264
Appliances,107532.16100000001,18138.005400000002
Furnishings,91705.164,13059.1436
Envelopes,16476.402,6964.1767
Art,27118.792,6527.787
Labels,12486.312,5546.254
Machines,189238.631,3384.7569
Fasteners,3024.28,949.5182
Supplies,46673.538,-1189.0995
Bookcases,114879.9963,-3472.556
Tables,206965.532,-17725.4811
