product_id,product_name,sales,profit,quantity
TEC-MA-10000418,Cubify CubeX 3D Printer Double Head Print,11099.963,-8879.9704,9
TEC-MA-10000822,Lexmark MX611dhe Monochrome Laser Printer,16829.901,-4589.973,18
TEC-MA-10004125,Cubify CubeX 3D Printer Triple Head Print,7999.98,-3839.9904,4
FUR-TA-10000198,Chromcraft Bull-Nose Wood Oval Conference Tables & Bases,9917.640000000001,-2876.1156,27
FUR-TA-10001889,Bush Advantage Collection Racetrack Conference Table,9544.725,-1934.3976,33
OFF-BI-10004995,GBC DocuBind P400 Electric Binding System,17965.068,-1878.1662000000003,27
TEC-MA-10002412,Cisco TelePresence System EX90 Videoconferencing Unit,22638.48,-1811.0784,6
OFF-SU-10002881,Martin Yale Chadless Opener Electric Letter Opener,16656.2,-1299.1836,22
FUR-TA-10001950,Balt Solid Wood Round Tables,6518.754,-1201.0581,19
FUR-TA-10004289,BoxOffice By Design Rectangular and Half-Moon Meeting Room Tables,1706.25,-1148.4375,15
