customer_id,customer_name,sales,profit,orders
CS-12505,Cindy Stewart,5690.054999999999,-6626.389499999999,6
GT-14635,Grant Thornton,9351.212,-4108.6589,3
LF-17185,Luke Foster,3930.5089999999996,-3583.977,7
SR-20425,Sharelle Roach,3233.481,-3333.9144,5
HG-14965,Henry Goldwyn,3247.642,-2797.9635000000003,12
NC-18415,Nathan Cano,2218.9900000000002,-2204.8072,6
SB-20290,Sean Braxton,8057.891,-2082.7451,7
SM-20320,Sean Miller,25043.05,-1980.7393,5
CP-12340,Christine Phan,5888.275,-1850.3029000000001,8
NF-18385,Natalie Fritzler,8322.826,-1695.9714,7
